,sender,receiver,amount,sent_date
0,stein,smoyer,49.03,2018-01-24
1,holden4580,joshua.henry,34.64,2018-02-06
2,rose.eaton,emily.lewis,62.67,2018-02-15
3,lmoore,kallen,1.94,2018-03-05
4,scott3928,lmoore,27.82,2018-03-10
5,francis.hernandez,lmoore,91.46,2018-03-14
6,leah6255,campbell4312,15.88,2018-03-16
7,rodriguez5768,gregory.blackwell,30.57,2018-03-17
8,david5498,greg5920,3.22,2018-03-22
9,campbell4312,wright3590,90.14,2018-03-25
10,robinson,hall,76.84,2018-04-04
11,lmoore,glen9827,25.94,2018-04-04
12,daniel.williams,lmoore,79.59,2018-04-04
13,west,payne,89.45,2018-04-05
14,palmer,chad.chen,36.27,2018-04-07
15,mark,roger,52.41,2018-04-09
16,hamilton4258,linda,11.13,2018-04-09
17,kristina.miller,stephanie5596,35.94,2018-04-09
18,payne,diana,89.7,2018-04-10
19,kara,smoyer,1.24,2018-04-10
20,david,sarah.evans,52.91,2018-04-11
21,katrina.ingram,hamilton4258,32.82,2018-04-11
22,greg5920,andrew6216,32.42,2018-04-16
23,edwards8658,samuel1489,23.41,2018-04-17
24,tgeorge,jones5796,4.08,2018-04-19
25,paul6364,jennifer.hendrix,68.35,2018-04-20
26,debbie4918,alan9443,23.89,2018-04-20
27,samuel.conner,steven3847,74.76,2018-04-21
28,elang,donna1922,26.07,2018-04-23
29,taylor1468,colton,97.34,2018-04-23
30,ruiz2577,stephanie4610,59.97,2018-04-24
31,brian7426,john.hardy,15.92,2018-04-24
32,matthew5486,gibson9198,22.0,2018-04-24
33,john.hardy,kristina.miller,77.05,2018-04-25
34,payne,griffin4992,85.21,2018-04-26
35,campbell1062,payne,92.76,2018-04-26
36,joseph2431,corey,23.93,2018-04-28
37,mburke,stephanie5596,63.35,2018-04-29
38,mark5306,william6714,71.0,2018-04-30
39,austin,fuller3354,69.74,2018-05-01
40,steven3847,smith9087,45.26,2018-05-01
41,samuel1489,holden4580,54.92,2018-05-01
42,lcruz,johnson3004,16.91,2018-05-02
43,stein,sabrina.haas,32.81,2018-05-03
44,spadilla,bpowers,47.2,2018-05-03
45,gerald.bryant,scott3928,43.36,2018-05-03
46,stephanie5596,shari,49.77,2018-05-04
47,dennis,hoover4302,87.77,2018-05-05
48,staylor,francis.hernandez,95.93,2018-05-05
49,joseph2431,dale,81.16,2018-05-06
50,grace7647,sandra2071,79.94,2018-05-07
51,roger,william4588,43.69,2018-05-07
52,samuel1489,edwards,62.8,2018-05-08
53,lcruz,colton,23.71,2018-05-09
54,brown,stephanie4610,97.68,2018-05-10
55,sandra2565,rachel,94.08,2018-05-10
56,campbell4312,alexander7808,73.12,2018-05-11
57,mackenzie,jason,59.6,2018-05-11
58,sarah.evans,cjimenez,48.14,2018-05-12
59,porter,gail7896,75.16,2018-05-14
60,joshua9690,william4588,97.33,2018-05-14
61,thompson9387,karen.snow,72.41,2018-05-15
62,edwards,samuel.conner,1.49,2018-05-15
63,freeman,jennifer.walker,74.32,2018-05-15
64,wright3590,jennifer.walker,90.12,2018-05-16
65,danielle,holden4580,22.27,2018-05-16
66,edwards8658,henry4707,20.85,2018-05-17
67,joshua9690,edwards,97.83,2018-05-18
68,ruiz2577,emily.anderson,41.3,2018-05-18
69,brown,lisa8780,50.38,2018-05-20
70,emily.lewis,kevin,5.49,2018-05-21
71,massey2102,kara,20.26,2018-05-21
72,edwards8658,karen.snow,12.28,2018-05-22
73,gerald.bryant,chad.chen,5.45,2018-05-23
74,freeman,ruiz2577,13.19,2018-05-23
75,porter,helen5691,35.94,2018-05-24
76,arosario,dennis4593,35.12,2018-05-24
77,jeremy1104,staylor,43.26,2018-05-25
78,tgeorge,roman7509,13.15,2018-05-25
79,sabrina.haas,kimberly,45.41,2018-05-25
80,grant1643,gail7896,11.75,2018-05-26
81,megan.terry,gstevens,51.06,2018-05-26
82,sstanton,john.hardy,90.29,2018-05-27
83,fernandez,dustin.fowler,83.43,2018-05-28
84,jackson4431,kenneth.chambers,96.32,2018-05-28
85,watts,henry,76.29,2018-05-28
86,paula7980,jcordova,42.98,2018-05-28
87,freeman,roger,24.27,2018-05-28
88,shelly,austin486,11.24,2018-05-29
89,lucero5925,bowman,44.88,2018-05-29
90,brandon.gilbert,dustin.fowler,46.85,2018-05-29
91,lacey8987,wilson,39.38,2018-05-30
92,danielle,burton6737,95.38,2018-05-30
93,flores,edwards,10.62,2018-05-30
94,rachel,emily.anderson,99.09,2018-05-30
95,edwards8658,twebster,85.09,2018-05-30
96,shelly,dean2365,23.24,2018-05-30
97,lowe,sabrina.haas,61.91,2018-05-30
98,lisa8780,jeremy1104,55.94,2018-05-30
99,rsnow,nicholas.travis,95.08,2018-05-31
100,joshua3747,lisa8780,3.53,2018-05-31
101,hmiller,diana,69.88,2018-06-01
102,tgeorge,bgreen,61.9,2018-06-01
103,gerald.bryant,ariley,66.73,2018-06-01
104,sabrina.haas,smith6248,53.8,2018-06-01
105,william2231,bowman,86.1,2018-06-02
106,brooke2027,sthompson,77.77,2018-06-03
107,awhitney,joel8826,21.59,2018-06-03
108,david,spence,64.64,2018-06-04
109,chorne,epeters,55.88,2018-06-04
110,henry4707,mark8466,74.7,2018-06-05
111,epeters,smoyer,30.6,2018-06-05
112,steven3847,lcruz,20.09,2018-06-05
113,carl.fox,sfinley,65.99,2018-06-05
114,jcoleman,joshua3747,91.3,2018-06-06
115,kelly7722,steven,41.55,2018-06-06
116,hoover4302,edward1527,61.04,2018-06-07
117,cynthia5799,erin4486,13.92,2018-06-08
118,staylor,chorne,80.26,2018-06-09
119,west,karen.snow,80.83,2018-06-10
120,sbennett,hayes2585,85.27,2018-06-11
121,sthompson,andrew6216,66.96,2018-06-11
122,blair4952,scott3928,63.66,2018-06-12
123,elizabeth,adrian,0.73,2018-06-12
124,andrew.wells,elaine,34.25,2018-06-13
125,fernandez,crane203,5.06,2018-06-13
126,jason7792,eric1415,95.28,2018-06-14
127,edward1527,hart24,4.21,2018-06-14
128,blankenship,sfinley,5.23,2018-06-15
129,calvin.perez,robinson5269,98.5,2018-06-15
130,jramsey,fuller3354,11.65,2018-06-15
131,glen9827,twebster,43.88,2018-06-15
132,eugene4448,mark1376,30.02,2018-06-15
133,dawn.juarez,jennifer,68.04,2018-06-17
134,flores,smith9087,24.17,2018-06-17
135,tstewart,eugene4448,6.39,2018-06-17
136,matthew5486,tgeorge,7.02,2018-06-18
137,sandra.vaughn,ruiz2577,37.16,2018-06-18
138,jeffrey,glen9827,70.03,2018-06-18
139,cassandra,porter,45.7,2018-06-18
140,grace7647,smith8419,93.82,2018-06-18
141,tamara,scott3928,20.96,2018-06-19
142,hoover4302,nancy,7.05,2018-06-19
143,danielle,lucero5925,71.63,2018-06-19
144,david,steven3847,39.86,2018-06-21
145,amiller,epeters,26.43,2018-06-21
146,thompson2327,tgeorge,53.74,2018-06-21
147,blankenship,hayes2585,44.16,2018-06-21
148,eugene4448,smith6248,0.15,2018-06-22
149,clark8139,kristen1581,38.31,2018-06-23
150,janet.williams,adrian.blair,89.55,2018-06-23
151,smith8419,jgonzalez,19.86,2018-06-23
152,grant1643,thompson9387,45.96,2018-06-23
153,brown,mark1376,13.64,2018-06-23
154,dawn,lee3744,83.22,2018-06-23
155,nichols,kevin,20.48,2018-06-24
156,luis.brooks,torres,58.76,2018-06-24
157,gail7896,francis.hernandez,49.02,2018-06-24
158,robinson,rodriguez,8.91,2018-06-25
159,rose.eaton,sward,84.78,2018-06-25
160,kristi7553,staylor,3.95,2018-06-25
161,jennifer,samuel1489,97.38,2018-06-25
162,nicholas.travis,john.smith,12.64,2018-06-25
163,crane203,steven,80.0,2018-06-25
164,mackenzie,paula7980,56.0,2018-06-25
165,tiffany.bowen,manning8686,7.98,2018-06-25
166,msolis,christine.brown,84.25,2018-06-26
167,mark5306,sthompson,4.97,2018-06-26
168,nancy,margaret265,84.15,2018-06-26
169,christopher6861,jcoleman,30.47,2018-06-27
170,david,michael,40.99,2018-06-27
171,mcguire,lacey8987,54.09,2018-06-28
172,hall,william.lee,84.16,2018-06-28
173,flores,corey,53.12,2018-06-29
174,janet.williams,william6714,65.54,2018-06-29
175,bgreen,wright3590,0.99,2018-06-29
176,rsnow,sandra.vaughn,82.94,2018-06-30
177,erin4486,nancy,85.73,2018-06-30
178,smith,melissa.mendoza,66.79,2018-06-30
179,kara,nichols,36.41,2018-06-30
180,lisa,tgeorge,31.95,2018-06-30
181,caleb,timothy.heath,85.58,2018-07-01
182,lisa8780,smith8419,88.68,2018-07-01
183,gail7896,katrina.ingram,21.66,2018-07-01
184,donna1922,sabrina.haas,21.29,2018-07-01
185,daniel,christopher6861,11.69,2018-07-02
186,gregory.rios,elizabeth,6.83,2018-07-02
187,kristen1581,blair4952,32.58,2018-07-02
188,adrian.blair,timothy.heath,83.73,2018-07-02
189,dawn,sfinley,32.0,2018-07-02
190,katherine,lee3744,60.06,2018-07-02
191,mackenzie,tgeorge,74.3,2018-07-03
192,shari,tstewart,97.64,2018-07-03
193,cox192,robinson5269,40.53,2018-07-03
194,sarah.evans,davis,81.9,2018-07-03
195,andrew.wells,steven3847,24.73,2018-07-03
196,smith8419,dedwards,14.26,2018-07-03
197,rodriguez5768,barnes,96.62,2018-07-04
198,acook,adam.saunders,9.31,2018-07-04
199,valerie,roman7509,40.18,2018-07-04
200,mjohnson,andrew6216,48.36,2018-07-04
201,charles,gregory.rios,8.35,2018-07-04
202,dustin.fowler,smith6248,44.73,2018-07-04
203,hart24,bradley7808,90.45,2018-07-05
204,edward1527,cjimenez,3.67,2018-07-05
205,lawrence3513,william.lee,90.78,2018-07-05
206,bpowers,margaret,10.34,2018-07-05
207,peters1942,twhite,16.53,2018-07-06
208,reid,barnes,48.95,2018-07-06
209,steven3847,fuller3354,9.73,2018-07-06
210,jgonzalez,mikayla.west,97.38,2018-07-07
211,dennis4593,kathy,74.01,2018-07-07
212,maria955,rose.eaton,57.32,2018-07-08
213,cassandra,jackson4431,33.72,2018-07-08
214,karen.snow,sstanton,52.52,2018-07-08
215,megan.terry,bradley7808,80.1,2018-07-08
216,mark,krystal,76.28,2018-07-08
217,tjohnson,debra,71.13,2018-07-08
218,grant1643,elaine,20.91,2018-07-08
219,sandra2071,carl.fox,68.16,2018-07-09
220,jordan5739,rodriguez9475,41.47,2018-07-09
221,dean,lcruz,53.44,2018-07-09
222,davis9792,caleb,3.22,2018-07-09
223,lspencer,davis9225,23.96,2018-07-09
224,spence,guzman4000,44.06,2018-07-10
225,hart24,wking,14.5,2018-07-10
226,jason,kirk,36.53,2018-07-10
227,reid,jordan5739,4.92,2018-07-10
228,diana,adrian,96.35,2018-07-10
229,mark8466,tstewart,40.29,2018-07-10
230,eugene4448,walsh,78.27,2018-07-11
231,corey,nicholas.travis,73.25,2018-07-11
232,sherry6113,matthew7940,58.72,2018-07-11
233,flores,michael.olson,96.64,2018-07-12
234,jlong,dustin.fowler,34.62,2018-07-12
235,jcordova,clayton6074,18.39,2018-07-12
236,erin,payne,33.42,2018-07-12
237,lowe,guzman4000,60.53,2018-07-12
238,staylor,ruiz2577,62.04,2018-07-12
239,rodriguez5768,adrian.blair,87.07,2018-07-12
240,kenneth.chambers,rebecca848,25.46,2018-07-12
241,harris7556,alexander7808,7.17,2018-07-12
242,shari,shelly,46.95,2018-07-12
243,cjimenez,tanya.carlson,43.37,2018-07-12
244,torres,rebecca848,45.65,2018-07-12
245,mark5306,jackson4431,91.07,2018-07-13
246,andrew6216,heather,81.06,2018-07-13
247,colton,dustin.fowler,10.01,2018-07-13
248,elaine,higgins,21.05,2018-07-13
249,thompson9387,kathy,65.55,2018-07-13
250,campbell1062,smith6248,51.43,2018-07-13
251,sherry6113,hoover4302,10.45,2018-07-14
252,luis.brooks,wright3590,98.86,2018-07-14
253,bishop,anthony1788,64.84,2018-07-14
254,linda,smith,23.4,2018-07-15
255,tamara,mikayla.west,44.48,2018-07-15
256,paula7980,chad.chen,78.61,2018-07-15
257,mikayla.west,thompson9387,87.47,2018-07-15
258,mjohnson,edwards8658,0.06,2018-07-16
259,smith9087,patricia2613,93.85,2018-07-16
260,courtney9644,paul9642,49.3,2018-07-16
261,jesus9614,cassandra,54.7,2018-07-16
262,mark5306,jramsey,42.96,2018-07-16
263,johnston2281,edwards8658,47.29,2018-07-16
264,sarah,joseph2431,40.19,2018-07-16
265,taylor1468,taylor1468,99.38,2018-07-17
266,daniel.williams,brian.barnes,23.08,2018-07-17
267,torres,stevens8089,59.24,2018-07-17
268,walsh,paul9642,69.37,2018-07-17
269,dawn.juarez,gerald.bryant,51.91,2018-07-17
270,debra,clark8139,79.91,2018-07-17
271,bernard,tiffany.bowen,13.53,2018-07-17
272,reid,jaime6887,14.86,2018-07-18
273,parker4621,lee3744,55.22,2018-07-18
274,corey,bowers9648,94.03,2018-07-18
275,butler,flores,13.13,2018-07-18
276,spadilla,emily.lewis,60.35,2018-07-18
277,lawrence3513,sthompson,56.98,2018-07-18
278,donald3362,dawn,63.35,2018-07-18
279,king,lee,99.81,2018-07-19
280,roman7509,dean2365,77.01,2018-07-19
281,greg5920,watts,96.89,2018-07-19
282,smith8419,jennifer,75.3,2018-07-20
283,daniel1611,jose.moreno,98.86,2018-07-21
284,peters1942,jackson4431,19.87,2018-07-21
285,watts,stein,81.62,2018-07-21
286,kimberly,campbell1062,45.62,2018-07-21
287,paul9642,harmon,14.83,2018-07-22
288,anthony1788,denise3770,88.8,2018-07-22
289,moore,chad.chen,13.56,2018-07-22
290,bowers9648,mikayla.west,85.76,2018-07-22
291,jones5796,jones,95.88,2018-07-22
292,edwards,alexander7808,4.17,2018-07-23
293,clayton6074,heather,8.81,2018-07-23
294,wbrown,anthony576,91.32,2018-07-23
295,twebster,cox192,88.58,2018-07-23
296,sthompson,smith,36.6,2018-07-23
297,wilson,erin,98.1,2018-07-23
298,erin,rodriguez,63.96,2018-07-23
299,heather,danderson,96.83,2018-07-24
300,melissa.mendoza,melvin9380,94.4,2018-07-24
301,jensen7832,bradley,94.47,2018-07-24
302,jones,tjohnson,38.59,2018-07-24
303,epeters,stephanie4610,56.64,2018-07-24
304,rose.eaton,lisa7840,79.02,2018-07-24
305,staylor,elang,10.54,2018-07-24
306,higgins,corey,59.26,2018-07-25
307,guzman4000,gregory7148,12.76,2018-07-25
308,taylor1468,bpowers,87.74,2018-07-25
309,rose.eaton,gregory7148,95.99,2018-07-25
310,jason7792,burton6737,93.89,2018-07-25
311,paula7980,jramos,32.78,2018-07-25
312,robinson5269,peters1942,73.26,2018-07-25
313,rodriguez,joshua9690,69.34,2018-07-25
314,parker4621,tstewart,96.76,2018-07-25
315,rogers,scott3928,8.73,2018-07-26
316,helen5691,parker4621,30.01,2018-07-26
317,luis.brooks,parker4621,34.5,2018-07-26
318,jordan5739,david.barnett,52.93,2018-07-27
319,colton,michael.olson,59.79,2018-07-27
320,fisher,jennifer.hebert,46.27,2018-07-28
321,erin,jesus9614,44.76,2018-07-28
322,alexander7808,thompson2327,22.87,2018-07-28
323,harris7556,cross9059,91.78,2018-07-28
324,singh2309,johnston2281,77.79,2018-07-28
325,shelly,sward,76.51,2018-07-28
326,rodriguez9475,adrian.blair,30.76,2018-07-29
327,valerie,paige.lewis,39.52,2018-07-29
328,lee,guzman4000,11.21,2018-07-29
329,nicholas5556,erin4486,70.43,2018-07-29
330,lcruz,austin,10.83,2018-07-29
331,edward1527,jordan5739,40.54,2018-07-29
332,david.barnett,evelyn,29.95,2018-07-29
333,roberts,figueroa7283,37.4,2018-07-29
334,andrew.wells,samuel.conner,80.07,2018-07-30
335,isabella,nichols,72.86,2018-07-30
336,lawson,johnson3004,49.46,2018-07-30
337,mjohnson,anthony1788,8.08,2018-07-30
338,king,melanie,53.42,2018-07-31
339,katrina.ingram,brian.barnes,16.84,2018-07-31
340,angela7209,rodriguez585,60.14,2018-07-31
341,erin,tiffany.bowen,79.32,2018-07-31
342,mcguire,marcus.berry,23.02,2018-07-31
343,miller8552,rodriguez9475,25.89,2018-07-31
344,kirk,sstanton,37.59,2018-08-01
345,mburke,scott3928,3.03,2018-08-01
346,crane203,adrian.blair,45.93,2018-08-01
347,elang,jdiaz,84.35,2018-08-01
348,brenda,tjohnson,69.14,2018-08-01
349,holden4580,brandon.gilbert,43.92,2018-08-02
350,corey,cynthia5799,43.92,2018-08-02
351,harmon,william6714,74.56,2018-08-02
352,mark,figueroa7283,45.93,2018-08-02
353,austin486,cjones,9.52,2018-08-02
354,gerald.bryant,greg5920,86.65,2018-08-03
355,linda,melanie,27.73,2018-08-03
356,thompson2327,jlong,60.15,2018-08-03
357,kimberly.decker,cox192,0.6,2018-08-03
358,matthew5486,jeremy1104,13.92,2018-08-03
359,rodriguez5768,hunt3408,0.04,2018-08-03
360,kristi7553,robinson,10.35,2018-08-04
361,stephanie4610,campbell4312,16.96,2018-08-04
362,freeman,tgeorge,41.79,2018-08-04
363,sabrina.haas,joshua.henry,15.47,2018-08-04
364,clark8139,mpaul,90.48,2018-08-04
365,kristina.miller,rachel,92.74,2018-08-04
366,jones,msolis,34.7,2018-08-04
367,tanya.carlson,bradley7808,22.5,2018-08-05
368,jcoleman,corey,84.21,2018-08-05
369,hamilton4258,jason7792,56.06,2018-08-05
370,krystal,clayton6074,74.99,2018-08-05
371,decker1985,smith6248,61.48,2018-08-05
372,ebryant,adrian.blair,66.47,2018-08-05
373,christine2983,fuller3354,94.65,2018-08-05
374,lisa,thompson2327,0.82,2018-08-06
375,melanie,davis,78.0,2018-08-06
376,moore,taylor1468,8.08,2018-08-06
377,sandra2565,hayes2585,9.16,2018-08-06
378,lawrence3513,tyler.zavala,16.65,2018-08-06
379,gregory.blackwell,parker4621,49.0,2018-08-06
380,moore7025,lawrence1685,35.15,2018-08-07
381,bowers9648,mark8466,91.52,2018-08-07
382,burton6737,rodriguez585,50.51,2018-08-07
383,hamilton4258,lawrence3513,7.83,2018-08-07
384,zachary.neal,alexander7808,33.79,2018-08-07
385,eugene4448,lee3744,8.5,2018-08-07
386,arosario,robert,67.69,2018-08-07
387,cjones,jcastaneda,78.4,2018-08-07
388,jones5796,dawn,9.78,2018-08-08
389,paige.lewis,sfinley,38.29,2018-08-08
390,jason7792,john.smith,2.14,2018-08-08
391,fisher,dennis,62.02,2018-08-08
392,sward,joshua3747,36.64,2018-08-08
393,joshua9690,lawrence1685,99.96,2018-08-09
394,rholmes,isabella,18.8,2018-08-09
395,singh2309,rachel,99.0,2018-08-09
396,amiller,fuentes,48.39,2018-08-09
397,jennifer,jreeves,10.55,2018-08-09
398,mark5306,charles,91.22,2018-08-09
399,rsnow,wright3590,5.46,2018-08-10
400,jlong,christine2983,31.72,2018-08-10
401,john6967,daniel.livingston,25.24,2018-08-10
402,christine.brown,angela7209,36.13,2018-08-10
403,jordan5739,adrian,27.28,2018-08-10
404,andrew.wells,austin486,88.47,2018-08-10
405,brooke2027,arosario,67.88,2018-08-10
406,campbell1062,jgonzalez,34.64,2018-08-10
407,sandra.vaughn,brian7426,88.43,2018-08-10
408,denise3770,eugene4448,87.89,2018-08-11
409,kristina.miller,jennifer,59.58,2018-08-11
410,lawrence3513,parsons,73.28,2018-08-11
411,keith2323,jcoleman,61.68,2018-08-11
412,charles,isabella,57.67,2018-08-11
413,vang,anthony1788,44.83,2018-08-11
414,rholmes,andrew.alvarez,42.45,2018-08-11
415,jlong,jennifer.hebert,42.24,2018-08-11
416,mikayla.west,miranda6426,65.7,2018-08-11
417,michael7792,joshua.henry,31.87,2018-08-12
418,sexton,melissa.mendoza,74.8,2018-08-12
419,cassandra,michael.olson,26.97,2018-08-12
420,jaime6887,joseph.lopez,8.6,2018-08-12
421,denise3770,watts,54.21,2018-08-12
422,rebecca848,johnson3004,97.49,2018-08-13
423,nicholas5556,rachel,96.94,2018-08-13
424,kara,tbender,21.38,2018-08-13
425,lisa8780,wilkins,68.51,2018-08-13
426,bishop,lspencer,0.87,2018-08-13
427,brandon.gilbert,bgreen,38.87,2018-08-14
428,cynthia5799,mbrown,74.2,2018-08-14
429,laura,taylor2783,4.53,2018-08-14
430,jerry,jennifer.wong,96.58,2018-08-14
431,krystal,paul9642,85.4,2018-08-14
432,anthony1788,lisa,97.44,2018-08-15
433,brandon.gilbert,jennifer.wong,11.75,2018-08-15
434,jacob,figueroa7283,28.53,2018-08-15
435,massey2102,bishop,18.27,2018-08-15
436,msolis,phillips5654,71.53,2018-08-15
437,hmiller,tamara,65.22,2018-08-15
438,danderson,jlong,94.96,2018-08-15
439,amiller,lauren,1.05,2018-08-16
440,keith,brett643,86.58,2018-08-16
441,brandon,charles559,94.25,2018-08-16
442,caleb,mark5306,95.36,2018-08-17
443,spence,mark1376,60.28,2018-08-17
444,parker4621,king,24.69,2018-08-17
445,taylor7649,nicholas5556,82.15,2018-08-18
446,rodriguez5768,kent,0.86,2018-08-18
447,cjones,gerald.bryant,18.8,2018-08-18
448,jbarker,daniel1611,74.0,2018-08-18
449,nichols,klein,24.86,2018-08-18
450,lawrence3513,lisa8780,11.21,2018-08-19
451,sandra2071,vang,4.16,2018-08-19
452,twhite,kpratt,89.57,2018-08-19
453,mark8466,april9082,60.77,2018-08-19
454,lisa7840,april9082,28.12,2018-08-19
455,mays,payne,16.66,2018-08-19
456,erin,david,33.66,2018-08-19
457,linda,paige.lewis,50.25,2018-08-20
458,sthompson,michael.williams,44.59,2018-08-20
459,diana1995,rose.eaton,16.04,2018-08-20
460,kpratt,johnston2281,81.8,2018-08-20
461,nichols,coleman,91.9,2018-08-20
462,fuentes,bgreen,90.92,2018-08-20
463,sarah,cassandra,63.81,2018-08-20
464,william2231,kristi7553,47.14,2018-08-20
465,amiller,porter,83.69,2018-08-20
466,tammy.brown,zachary.neal,73.72,2018-08-20
467,stephanie5596,bernard,58.36,2018-08-21
468,young,jlong,84.54,2018-08-21
469,sfinley,kent,6.08,2018-08-21
470,jacob,diane4652,64.13,2018-08-21
471,wilson,courtney9644,49.09,2018-08-21
472,higgins,bernard,58.61,2018-08-21
473,paul9642,guzman4000,80.7,2018-08-21
474,danielle,andersen,26.34,2018-08-21
475,tara.clark,stein,46.18,2018-08-21
476,mark20,timothy.heath,42.83,2018-08-21
477,paige.lewis,mikayla.west,84.12,2018-08-21
478,rogers,miranda6426,65.22,2018-08-22
479,nicholas.padilla,erin,32.34,2018-08-22
480,christine.brown,miranda6426,83.15,2018-08-22
481,coleman,gail2190,86.91,2018-08-22
482,william6714,jerry,38.79,2018-08-22
483,dean,bryant,87.26,2018-08-22
484,janet.williams,king3246,28.84,2018-08-22
485,king3246,lisa,46.75,2018-08-23
486,jacob,charles559,78.43,2018-08-23
487,tamara,andrew6347,27.93,2018-08-23
488,lawrence3513,jserrano,25.94,2018-08-23
489,jacob,bgreen,63.77,2018-08-23
490,stanley7729,david,10.54,2018-08-23
491,bernard,michael7792,47.31,2018-08-23
492,brandon.gilbert,jcordova,53.11,2018-08-24
493,hart24,stephanie4610,89.54,2018-08-24
494,ebryant,nelson,9.69,2018-08-24
495,ebryant,johnson3004,43.92,2018-08-24
496,wbrown,kimberly,9.02,2018-08-24
497,elizabeth,jennifer.hebert,83.06,2018-08-24
498,anthony576,dawn,65.62,2018-08-24
499,adam.saunders,king3246,57.25,2018-08-24
500,rebecca848,edward1527,37.06,2018-08-24
501,greg5920,diane4652,18.6,2018-08-24
502,robinson5269,joseph.lopez,24.7,2018-08-24
503,andrew6347,amiller,5.09,2018-08-25
504,gregory7148,sward,20.81,2018-08-25
505,singh2309,henry,12.13,2018-08-25
506,samuel.conner,shari,9.76,2018-08-25
507,dennis4593,rebecca848,41.9,2018-08-25
508,eharding,gregory.rios,70.83,2018-08-25
509,gregory.rios,hamilton,57.64,2018-08-25
510,robert284,laura,91.11,2018-08-25
511,danielle,mackenzie,64.56,2018-08-25
512,kent,taylor7649,8.85,2018-08-25
513,wilson,jaime6887,10.97,2018-08-25
514,denise3770,decker1985,83.5,2018-08-26
515,bishop,nancy,98.08,2018-08-26
516,michael7792,kim1649,64.17,2018-08-26
517,sfinley,austin,16.17,2018-08-26
518,donald1420,adam.saunders,91.84,2018-08-26
519,sherry6113,dennis,55.32,2018-08-26
520,johnston2281,brett643,69.15,2018-08-26
521,kelly7722,michael.williams,8.59,2018-08-26
522,heather,miguel.gamble,65.92,2018-08-27
523,mikayla.west,andersen,97.18,2018-08-27
524,davis9225,rsnow,10.22,2018-08-27
525,walters2042,coleman,86.08,2018-08-27
526,kelly7722,bsmith,86.67,2018-08-27
527,kpratt,angela7209,99.05,2018-08-27
528,shelly,jose.moreno,61.42,2018-08-27
529,margaret265,lmoore,99.74,2018-08-27
530,patricia2613,smith,47.48,2018-08-27
531,mark8466,gail2190,30.02,2018-08-27
532,david.barnett,wesley.hayes,30.53,2018-08-27
533,tammy.brown,sherry6113,96.86,2018-08-27
534,william2231,gail2190,7.5,2018-08-28
535,payne,greg5920,18.66,2018-08-28
536,lisa7840,melissa.mendoza,77.02,2018-08-28
537,daniel,lauren,38.16,2018-08-28
538,roberts,heather,49.83,2018-08-28
539,staylor,ekidd,96.97,2018-08-28
540,spadilla,sandra.vaughn,4.34,2018-08-29
541,margaret265,paige.lewis,74.74,2018-08-29
542,helen5691,bishop,42.83,2018-08-29
543,amiller,william4588,0.63,2018-08-29
544,matthew5486,john.smith,68.68,2018-08-29
545,sarah,lspencer,44.89,2018-08-29
546,reid,michael7792,54.05,2018-08-29
547,miranda6426,michelle4225,95.22,2018-08-29
548,bowers9648,denise3770,44.18,2018-08-29
549,martin,john.hardy,74.81,2018-08-30
550,hamilton,sstanton,18.93,2018-08-30
551,hayes2585,dean2365,57.13,2018-08-30
552,jacob,manning8686,48.03,2018-08-30
553,taylor1468,zachary.neal,55.02,2018-08-30
554,tbender,butler,57.02,2018-08-30
555,mark20,christopher5982,54.27,2018-08-30
556,bernard,lewis8579,38.97,2018-08-30
557,matthew7940,dean2365,70.98,2018-08-30
558,spence,bradley3953,22.99,2018-08-31
559,jordan5739,tjohnson,51.56,2018-08-31
560,ehernandez,erin4486,6.08,2018-08-31
561,aaron,stephanie5596,17.2,2018-08-31
562,nicholas.travis,jeremy1104,41.95,2018-08-31
563,mjohnson,steven3847,76.37,2018-08-31
564,brett643,parsons,5.38,2018-08-31
565,jose.moreno,donald1420,28.19,2018-08-31
566,robinson5269,edwards8658,55.1,2018-08-31
567,bsmith,bgreen,61.86,2018-08-31
568,michael7792,mburke,92.13,2018-08-31
569,jennifer.wong,theresa5909,55.95,2018-08-31
570,erin,burton6737,69.77,2018-08-31
571,bradley,aaron,98.52,2018-08-31
572,donald3362,tmaxwell,87.04,2018-08-31
573,kyle.gentry,lewis8579,71.37,2018-08-31
574,bpowers,miranda6426,1.91,2018-08-31
575,timothy.heath,gregory9829,51.54,2018-09-01
576,donald1420,caleb,13.66,2018-09-01
577,eharding,kent,12.95,2018-09-01
578,tina3658,kirk,47.2,2018-09-01
579,wesley.hayes,christopher,90.91,2018-09-01
580,lawson,owens,71.88,2018-09-02
581,madison,jennifer.wong,49.36,2018-09-02
582,peters1942,krystal,19.82,2018-09-02
583,william4588,joshua3747,99.11,2018-09-02
584,hunt3408,anthony3761,0.67,2018-09-02
585,nichols,dedwards,86.99,2018-09-02
586,dean2365,paul9642,15.52,2018-09-02
587,adam.saunders,marcus.berry,17.46,2018-09-02
588,danderson,donna1922,79.22,2018-09-02
589,mjohnson,arosario,67.89,2018-09-02
590,isabella,christina.banks,24.41,2018-09-02
591,nicholas.padilla,gregory9829,88.63,2018-09-02
592,lmoore,william4588,64.46,2018-09-02
593,bradley3953,cjones,74.49,2018-09-02
594,staylor,roman7509,57.68,2018-09-02
595,bpowers,melanie,29.61,2018-09-02
596,donald1420,steven,55.93,2018-09-03
597,cox192,sandra2071,86.67,2018-09-03
598,jackson4431,sarah,49.11,2018-09-03
599,roger,moore,55.58,2018-09-03
600,katherine,daniel.livingston,58.45,2018-09-03
601,danderson,harmon,94.3,2018-09-03
602,kimberly,nichols,1.27,2018-09-03
603,mark,watts,64.95,2018-09-03
604,scott3928,sexton,55.38,2018-09-04
605,kristina.miller,lawrence1685,65.74,2018-09-04
606,lucero5925,lspencer,88.06,2018-09-04
607,jonathan5101,tara.clark,36.18,2018-09-04
608,timothy3285,edwards,45.96,2018-09-04
609,graham,gerald.bryant,43.07,2018-09-05
610,donald1420,king,45.46,2018-09-05
611,austin,epeters,84.3,2018-09-05
612,diane4652,zachary.neal,53.19,2018-09-05
613,sexton,robinson5269,54.47,2018-09-05
614,sexton,parker4621,54.1,2018-09-05
615,king,sarah.evans,38.35,2018-09-05
616,elang,twebster,2.64,2018-09-05
617,jason4651,krystal,76.81,2018-09-05
618,kpratt,brooke2027,51.34,2018-09-05
619,theresa5909,sarah,29.15,2018-09-05
620,megan.terry,michael.williams,28.17,2018-09-06
621,lowe,msolis,92.45,2018-09-06
622,king,jason7792,46.37,2018-09-06
623,hall,lindsay.coleman,42.54,2018-09-06
624,wesley.hayes,david5498,87.57,2018-09-06
625,michael7792,tmaxwell,25.02,2018-09-06
626,anthony1788,aaron,8.1,2018-09-06
627,michael7792,sandra.vaughn,32.72,2018-09-06
628,medina891,maria955,53.65,2018-09-06
629,melissa.mendoza,marcus.berry,71.48,2018-09-06
630,diane4652,daniel.williams,81.92,2018-09-06
631,timothy3285,gibson9198,43.36,2018-09-06
632,brandon.gilbert,martha6969,87.19,2018-09-06
633,rogers,bradley,84.25,2018-09-06
634,lucero5925,tina3658,57.0,2018-09-07
635,lisa7840,mark1376,46.93,2018-09-07
636,porter,jramos,81.19,2018-09-07
637,jessica3924,lawrence1685,46.69,2018-09-07
638,jackson4431,johnston2281,65.99,2018-09-07
639,martin,lawrence1685,25.4,2018-09-07
640,dawn.juarez,martha6969,54.91,2018-09-07
641,gary.mitchell,carl.fox,90.82,2018-09-08
642,tanya.carlson,hamilton4258,43.88,2018-09-08
643,donald1420,smith9087,15.39,2018-09-08
644,gail2190,anthony576,88.08,2018-09-08
645,john.hardy,paula7980,78.11,2018-09-08
646,fox,scott3928,58.7,2018-09-08
647,ehernandez,thompson2327,18.63,2018-09-09
648,parsons,bryant,53.3,2018-09-09
649,mcarroll,jennifer.hebert,82.67,2018-09-09
650,manning8686,vang,29.97,2018-09-09
651,martha.willis,christopher6861,78.48,2018-09-09
652,kimberly.decker,peter,10.91,2018-09-09
653,donald1420,matthew7940,47.61,2018-09-09
654,paul9642,martha.willis,47.27,2018-09-09
655,gregory.rios,jessica3924,75.42,2018-09-09
656,johnson3004,daniel1611,98.33,2018-09-09
657,diana,smith6903,77.45,2018-09-09
658,nicholas.travis,smith6903,93.88,2018-09-09
659,jason7792,miguel.gamble,92.44,2018-09-09
660,smith,west,72.4,2018-09-09
661,bradley,rsnow,4.71,2018-09-09
662,karen.snow,jholloway,0.06,2018-09-09
663,keith,jennifer4743,46.82,2018-09-09
664,taylor7649,mshort,1.95,2018-09-10
665,evelyn,staylor,39.07,2018-09-10
666,gail7896,heather,68.58,2018-09-10
667,dean2365,diane4652,6.82,2018-09-10
668,burton6737,jonathan5101,97.39,2018-09-10
669,mburke,tmaxwell,10.16,2018-09-10
670,young,jackson4431,60.57,2018-09-10
671,parsons,kristen1581,32.41,2018-09-10
672,jackson4431,valerie,16.71,2018-09-10
673,conley,campbell4312,73.09,2018-09-10
674,jennifer,michael7792,90.56,2018-09-10
675,twhite,hoover4302,49.42,2018-09-10
676,martin,lee3744,43.38,2018-09-10
677,rholmes,figueroa7283,90.75,2018-09-10
678,mackenzie,jbarker,13.17,2018-09-10
679,west,heather,47.63,2018-09-10
680,bryant,katrina.ingram,9.1,2018-09-10
681,edwards,lisa,99.37,2018-09-11
682,mpaul,rebecca848,1.34,2018-09-11
683,jessica3924,gail7896,28.55,2018-09-11
684,stephanie4610,daniel.livingston,66.25,2018-09-11
685,adrian.blair,alvarado,14.73,2018-09-11
686,miranda6426,kallen,64.69,2018-09-11
687,lindsay.coleman,harris7556,88.67,2018-09-11
688,edwards8658,smith6903,55.08,2018-09-11
689,bradley,king,64.36,2018-09-11
690,stevens8089,wilkins,83.64,2018-09-11
691,lgregory,tmaxwell,74.43,2018-09-12
692,kyle.gentry,cynthia5799,42.83,2018-09-12
693,tbender,evelyn,50.38,2018-09-12
694,tina3658,butler,18.74,2018-09-12
695,king,paul6364,45.94,2018-09-12
696,rebecca848,davis9225,47.55,2018-09-12
697,tina3658,ruth,95.6,2018-09-12
698,emily.anderson,michael.williams,90.26,2018-09-12
699,rodriguez9475,timothy3285,45.48,2018-09-12
700,jennifer4743,andrew6347,34.57,2018-09-12
701,sandra2565,maria955,16.88,2018-09-12
702,sheri.clements,rachel,88.72,2018-09-12
703,scott3928,martin,16.47,2018-09-12
704,jose.moreno,smith6903,3.23,2018-09-12
705,jason4651,tammy7432,20.3,2018-09-12
706,brooke2027,gstevens,92.25,2018-09-12
707,johnson,bowman,57.14,2018-09-12
708,denise3770,figueroa7283,43.65,2018-09-12
709,griffin4992,jstewart,41.52,2018-09-12
710,michael7792,david,98.72,2018-09-12
711,boyer7005,brian.barnes,51.64,2018-09-12
712,ruiz2577,kelly7722,89.46,2018-09-12
713,fuller3354,isabella,89.13,2018-09-13
714,aaron,christine.brown,82.1,2018-09-13
715,jlong,william2231,26.03,2018-09-13
716,king,fuller3354,55.54,2018-09-13
717,mikayla.west,lmoore,95.19,2018-09-13
718,mikayla.west,andrew6347,44.54,2018-09-13
719,sophia.perez,nancy,88.97,2018-09-13
720,lauren,hall,0.64,2018-09-13
721,jennifer.wong,lcruz,3.63,2018-09-13
722,rose.eaton,hamilton,24.22,2018-09-13
723,peter,wking,59.57,2018-09-13
724,robinson,taylor2783,76.33,2018-09-13
725,lacey8987,miguel.gamble,71.99,2018-09-13
726,kent,william,37.22,2018-09-13
727,jessica3924,daniel,51.09,2018-09-14
728,mjohnson,mcarroll,49.05,2018-09-14
729,kyle.gentry,spadilla,43.78,2018-09-14
730,austin486,brian7426,72.28,2018-09-14
731,jones5796,jlong,46.74,2018-09-14
732,martinez,gstevens,3.21,2018-09-14
733,james,jennifer.hendrix,3.17,2018-09-14
734,sophia.perez,maria955,88.21,2018-09-14
735,miranda6426,mcarroll,31.95,2018-09-14
736,shelly,hdeleon,81.94,2018-09-14
737,holden4580,ortiz5962,55.95,2018-09-14
738,sthompson,martha.willis,28.78,2018-09-14
739,bpowers,hdeleon,32.47,2018-09-14
740,steven3847,sfinley,9.22,2018-09-14
741,ekidd,sfinley,9.72,2018-09-14
742,butler,scott3928,79.28,2018-09-14
743,brandon,evelyn,76.21,2018-09-14
744,tbender,sanders,33.14,2018-09-15
745,awilliams,jcastaneda,80.62,2018-09-15
746,zachary.neal,ortiz5962,89.42,2018-09-15
747,ortiz5962,kelly7722,44.79,2018-09-15
748,andrew6347,edwards8658,68.42,2018-09-15
749,ariley,mshort,47.8,2018-09-15
750,peter,edwards,24.6,2018-09-15
751,theresa5909,adrian.blair,83.59,2018-09-15
752,collin,wilson,5.01,2018-09-15
753,roman7509,fuentes,17.95,2018-09-15
754,bowman,danderson,88.54,2018-09-15
755,joel8826,donald1420,43.68,2018-09-15
756,gail7896,lucero5925,49.02,2018-09-15
757,erin,david,58.51,2018-09-15
758,kirk,miranda6426,18.64,2018-09-15
759,jcastaneda,martha6969,18.66,2018-09-15
760,taylor2783,carl.fox,66.41,2018-09-15
761,david2796,joshua9690,60.54,2018-09-16
762,angela7209,corey,35.39,2018-09-16
763,daniel.williams,aaron,35.2,2018-09-16
764,grant1643,rachel,96.77,2018-09-16
765,moore,clark8139,14.54,2018-09-16
766,kathy,hdeleon,3.05,2018-09-16
767,dana.andrews,tammy.brown,31.34,2018-09-16
768,carl.fox,diana1995,95.9,2018-09-16
769,dedwards,scott3928,60.91,2018-09-16
770,miguel.gamble,phillips5654,11.35,2018-09-16
771,debra,sexton,16.01,2018-09-16
772,hdeleon,christopher,56.35,2018-09-16
773,michael7792,jennifer4743,69.97,2018-09-16
774,harold,ehaney,11.03,2018-09-16
775,april9082,scott3928,81.46,2018-09-16
776,ortiz5962,robert284,34.37,2018-09-16
777,jstewart,jesus9614,92.14,2018-09-16
778,owens,mark20,55.79,2018-09-16
779,rachel.ellison,robert,57.56,2018-09-16
780,awilliams,gstevens,52.05,2018-09-16
781,tina3658,mcarroll,10.11,2018-09-17
782,jholloway,jessica3924,68.55,2018-09-17
783,cynthia5799,mays,92.2,2018-09-17
784,graham,jessica,46.55,2018-09-17
785,stein,dana.andrews,87.41,2018-09-17
786,paul9642,jholloway,6.12,2018-09-17
787,king3246,donald1420,23.83,2018-09-17
788,andrew.alvarez,kevin,74.01,2018-09-17
789,miranda6426,blair4952,77.8,2018-09-17
790,james,dale,25.34,2018-09-17
791,jramsey,sarah,12.59,2018-09-17
792,evelyn,linda,47.49,2018-09-17
793,jason4651,leah6255,79.78,2018-09-17
794,miguel.gamble,calvin.perez,9.59,2018-09-17
795,darlene.adams,lcruz,82.25,2018-09-17
796,rachel,brooke2027,71.71,2018-09-17
797,hdeleon,johnston2281,48.26,2018-09-17
798,owens,medina891,28.86,2018-09-17
799,chorne,young,49.66,2018-09-17
800,fuentes,robinson5269,80.39,2018-09-17
801,christina.banks,fuentes,14.23,2018-09-17
802,dean2365,alvarado,45.58,2018-09-17
803,samuel.conner,aaron,96.88,2018-09-17
804,nicholas.travis,west,73.41,2018-09-17
805,jacob.davis,jennifer,85.13,2018-09-18
806,twhite,hdeleon,17.05,2018-09-18
807,shernandez,hdeleon,4.23,2018-09-18
808,carl.fox,johnson,67.13,2018-09-18
809,edwards,peters1942,89.63,2018-09-18
810,stephanie5596,eugene4448,45.04,2018-09-18
811,ortiz5962,johnston2281,19.46,2018-09-18
812,peter,sandra2071,30.53,2018-09-18
813,harold,brown6798,24.41,2018-09-18
814,nichols,shernandez,4.46,2018-09-18
815,edward1527,kyle.gentry,23.97,2018-09-18
816,lawson,sbennett,28.44,2018-09-18
817,andrew.alvarez,james,28.16,2018-09-18
818,patricia2613,jserrano,58.83,2018-09-18
819,fisher,ross9165,25.05,2018-09-18
820,cox192,fox,91.08,2018-09-18
821,ekidd,kelly7722,50.66,2018-09-18
822,sandra.vaughn,theresa5909,68.59,2018-09-18
823,ekidd,rodriguez5768,16.87,2018-09-18
824,smith6903,jerry,68.89,2018-09-18
825,clark8139,blankenship,74.85,2018-09-18
826,tyler.zavala,hmiller,97.39,2018-09-18
827,roman7509,young,33.91,2018-09-18
828,jramos,jerry,23.84,2018-09-18
829,dana.andrews,jdiaz,32.23,2018-09-18
830,jennifer4743,miller,2.32,2018-09-18
831,samuel.conner,tina3658,8.53,2018-09-18
832,jones5796,alvarez,36.45,2018-09-19
833,aaron,dawn,91.08,2018-09-19
834,gibson9198,bowman,46.28,2018-09-19
835,nancy,peters1942,66.24,2018-09-19
836,ross9165,edwards,81.98,2018-09-19
837,harris7556,john.hardy,85.33,2018-09-19
838,sheri.clements,campbell4312,23.02,2018-09-19
839,collins,david.barnett,49.52,2018-09-19
840,alvarez,jeremy1104,23.84,2018-09-19
841,collin,tamara,97.85,2018-09-19
842,jennifer.hebert,mays,68.84,2018-09-19
843,victor,william2231,77.44,2018-09-20
844,gregory7148,jennifer.wong,49.65,2018-09-20
845,timothy.heath,sarah.evans,35.51,2018-09-20
846,sexton,alvarez,84.24,2018-09-20
847,alvarez,patricia2613,73.51,2018-09-20
848,sophia.perez,keith2323,69.06,2018-09-20
849,emily.anderson,jramos,14.57,2018-09-20
850,johnson,jennifer.hebert,72.18,2018-09-20
851,diane4652,andrade,77.85,2018-09-20
852,denise3770,flores,25.7,2018-09-20
853,rodriguez9475,alvarez,29.19,2018-09-20
854,james,rholmes,64.71,2018-09-20
855,martha6969,jennifer.hebert,33.94,2018-09-20
856,parker,gregory.rios,8.11,2018-09-20
857,reid,alvarez,41.85,2018-09-20
858,smercer,tammy.brown,68.06,2018-09-20
859,gregory7148,lindsay.coleman,96.52,2018-09-20
860,tyler.zavala,mpaul,14.38,2018-09-20
861,taylor7649,smith8419,85.97,2018-09-20
862,theresa5909,adrian.blair,59.51,2018-09-20
863,lawrence1685,zachary.neal,4.08,2018-09-20
864,conley,jonathan5101,14.07,2018-09-21
865,fuentes,payne,76.73,2018-09-21
866,mark8466,miranda6426,53.91,2018-09-21
867,gail2190,aaron,47.91,2018-09-21
868,coleman,amanda,83.6,2018-09-21
869,kelly5683,sfinley,23.31,2018-09-21
870,andrade,sthompson,14.07,2018-09-21
871,sstanton,corey.ingram,77.12,2018-09-21
872,ekidd,spence,41.38,2018-09-21
873,martha.willis,alexander7808,57.78,2018-09-21
874,darlene.adams,collin,15.59,2018-09-21
875,gregory9829,acook,94.65,2018-09-21
876,nelson,sanders,8.46,2018-09-21
877,april9082,jacob.davis,50.37,2018-09-21
878,roberts,alvarez,58.03,2018-09-21
879,fernandez,nathaniel,99.4,2018-09-21
880,rebecca848,parker,59.28,2018-09-21
881,fox,mark1605,92.13,2018-09-21
882,andersen,singh2309,7.37,2018-09-21
883,aaron,cox192,89.11,2018-09-21
884,melvin9380,rebecca,75.35,2018-09-21
885,tammy7432,jessica3924,9.41,2018-09-21
886,miller,clayton6074,63.22,2018-09-21
887,katherine,brown6798,17.91,2018-09-21
888,lmoore,lgregory,34.4,2018-09-21
889,victor,anthony1788,39.06,2018-09-21
890,sophia.perez,sbennett,99.05,2018-09-21
891,darlene.adams,shelly,88.78,2018-09-21
892,hdeleon,staylor,44.57,2018-09-21
893,smercer,heather,98.13,2018-09-22
894,jbarker,roberts,29.79,2018-09-22
895,smercer,jcoleman,17.4,2018-09-22
896,miller,sfinley,47.55,2018-09-22
897,smercer,sandra2565,69.15,2018-09-22
898,bowers9648,jessica3924,9.57,2018-09-22
899,amanda,jcordova,48.67,2018-09-22
900,andersen,corey.ingram,4.81,2018-09-22
901,sanders,rodriguez585,51.25,2018-09-22
902,amanda,rodriguez585,22.16,2018-09-22
903,lauren,king,93.48,2018-09-22
904,william2231,michael.olson,59.97,2018-09-22
905,wking,hdeleon,85.86,2018-09-22
906,amanda,gregory9829,58.92,2018-09-22
907,vang,brown6798,48.45,2018-09-22
908,aaron,patricia2613,97.32,2018-09-22
909,kelly5683,tina3658,69.05,2018-09-22
910,joseph.lopez,peter,23.23,2018-09-22
911,sanders,paige.lewis,96.56,2018-09-22
912,jason4651,davis,57.63,2018-09-23
913,paul9642,hdeleon,53.49,2018-09-23
914,paul6364,thomas.price,37.37,2018-09-23
915,shernandez,david5498,68.51,2018-09-23
916,roberts,parker,19.2,2018-09-23
917,charles559,miranda6426,79.48,2018-09-23
918,alvarez,fuller3354,32.29,2018-09-23
919,kyle.gentry,joseph2431,6.0,2018-09-23
920,thompson2826,brian7426,63.05,2018-09-23
921,sarah,brown6798,24.03,2018-09-23
922,jason,corey.ingram,37.21,2018-09-23
923,fernandez,christopher,52.18,2018-09-23
924,joseph.lopez,kara,64.12,2018-09-23
925,thompson2826,jackson4431,87.85,2018-09-23
926,angela7209,guzman4000,52.81,2018-09-23
927,janet.williams,bsmith,50.15,2018-09-23
928,miller,jramos,20.95,2018-09-24
929,heather,kelly5683,35.71,2018-09-24
930,bradley3953,hamilton4258,86.62,2018-09-24
931,aaron,steven3847,65.81,2018-09-24
932,clayton6074,mpaul,14.41,2018-09-24
933,david.barnett,wilkins,94.59,2018-09-24
934,robert8280,roger,98.35,2018-09-24
935,samuel1489,martha.willis,43.41,2018-09-24
936,elizabeth,sanders,18.97,2018-09-24
937,jstewart,danderson,95.78,2018-09-24
938,emily,watts,81.58,2018-09-24
939,valerie,ortiz5962,98.6,2018-09-24
940,melanie,thomas.price,33.16,2018-09-24
941,rogers,mcarroll,63.37,2018-09-24
942,john.smith,victor,54.37,2018-09-24
943,thomas.price,timothy.heath,57.53,2018-09-24
944,jacob.davis,parker4621,71.86,2018-09-24
945,bsmith,john,18.16,2018-09-24
946,april9082,martin,46.55,2018-09-24
947,thompson9387,daniel1611,13.0,2018-09-24
948,nathaniel,jennifer.walker,15.75,2018-09-24
949,sbennett,robert8280,99.46,2018-09-24
950,fuentes,jcoleman,40.48,2018-09-24
951,sbennett,john,8.38,2018-09-24
952,mevans,brett643,65.22,2018-09-24
953,david,kyle.gentry,55.52,2018-09-24
954,jerome.sims,gregory.blackwell,35.49,2018-09-24
955,gregory.blackwell,parker,0.53,2018-09-24
956,heather.wade,mburke,29.14,2018-09-25
957,lisa8780,pamela,89.15,2018-09-25
958,robert8280,anthony1788,29.44,2018-09-25
959,alexander7808,aaron,79.54,2018-09-25
960,bradley7808,heather.wade,61.45,2018-09-25
961,dustin.fowler,patricia,19.79,2018-09-25
962,patricia2613,martha.willis,33.88,2018-09-25
963,stanley7729,joseph.lopez,50.84,2018-09-25
964,medina891,smercer,86.31,2018-09-25
965,andrew6347,mcclain9882,9.33,2018-09-25
966,heather.wade,freeman,73.37,2018-09-25
967,eharding,joel8826,93.99,2018-09-25
968,john,thomas.price,9.07,2018-09-25
969,mcclain9882,kelly7722,26.57,2018-09-25
970,vang,john,68.11,2018-09-25
971,victor,tbender,83.83,2018-09-25
972,jramsey,brown6798,96.81,2018-09-25
973,pamela,reid,36.33,2018-09-25
974,massey2102,mevans,18.12,2018-09-25
975,shelly,robert8280,32.83,2018-09-25
976,dedwards,john,3.12,2018-09-25
977,martha6969,patricia,87.33,2018-09-25
978,jstewart,martha6969,80.96,2018-09-25
979,patricia,corey,65.35,2018-09-25
980,heather.wade,sandra2071,36.01,2018-09-25
981,patricia,timothy3285,36.09,2018-09-25
982,michelle4225,peter,12.92,2018-09-25
983,april9082,klein,5.94,2018-09-25
984,maria955,heather.wade,41.67,2018-09-25
985,diana1995,mcclain9882,30.59,2018-09-25
986,melissa.mendoza,theresa5909,88.3,2018-09-25
987,alvarado,pamela,48.74,2018-09-25
988,victor,kpratt,12.95,2018-09-25
989,joshua9690,dana.andrews,38.05,2018-09-25
990,robert,heather.wade,86.44,2018-09-25
991,robert8280,linda,62.44,2018-09-25
992,pamela,caleb,25.01,2018-09-25
993,coleman,sarah.evans,36.29,2018-09-25
994,king3246,john,25.37,2018-09-25
995,shernandez,kristen1581,75.77,2018-09-25
996,leah6255,jholloway,63.62,2018-09-25
997,pamela,michelle4225,2.54,2018-09-25
